{
  "color": {
    "grey": {
      "25": {
        "$type": "color",
        "$value": {
          "colorSpace": "srgb",
          "components": [
            0.9803921580314636,
            0.9803921580314636,
            0.9803921580314636
          ],
          "alpha": 1,
          "hex": "#FAFAFA"
        },
        "$extensions": {
          "com.figma.variableId": "VariableID:990:14",
          "com.figma.scopes": [
            "ALL_SCOPES"
          ],
          "com.figma.isOverride": true
        }
      },
      "50": {
        "$type": "color",
        "$value": {
          "colorSpace": "srgb",
          "components": [
            0.9529411792755127,
            0.9529411792755127,
            0.9529411792755127
          ],
          "alpha": 1,
          "hex": "#F3F3F3"
        },
        "$extensions": {
          "com.figma.variableId": "VariableID:990:13",
          "com.figma.scopes": [
            "ALL_SCOPES"
          ],
          "com.figma.isOverride": true
        }
      },
      "100": {
        "$type": "color",
        "$value": {
          "colorSpace": "srgb",
          "components": [
            0.9098039269447327,
            0.9098039269447327,
            0.9098039269447327
          ],
          "alpha": 1,
          "hex": "#E8E8E8"
        },
        "$extensions": {
          "com.figma.variableId": "VariableID:990:12",
          "com.figma.scopes": [
            "ALL_SCOPES"
          ],
          "com.figma.isOverride": true
        }
      },
      "125": {
        "$type": "color",
        "$value": {
          "colorSpace": "srgb",
          "components": [
            0.8666666746139526,
            0.8666666746139526,
            0.8666666746139526
          ],
          "alpha": 1,
          "hex": "#DDDDDD"
        },
        "$extensions": {
          "com.figma.variableId": "VariableID:990:33",
          "com.figma.scopes": [
            "ALL_SCOPES"
          ],
          "com.figma.isOverride": true
        }
      },
      "150": {
        "$type": "color",
        "$value": {
          "colorSpace": "srgb",
          "components": [
            0.8235294222831726,
            0.8235294222831726,
            0.8235294222831726
          ],
          "alpha": 1,
          "hex": "#D2D2D2"
        },
        "$extensions": {
          "com.figma.variableId": "VariableID:990:32",
          "com.figma.scopes": [
            "ALL_SCOPES"
          ],
          "com.figma.isOverride": true
        }
      },
      "200": {
        "$type": "color",
        "$value": {
          "colorSpace": "srgb",
          "components": [
            0.7843137383460999,
            0.7843137383460999,
            0.7843137383460999
          ],
          "alpha": 1,
          "hex": "#C8C8C8"
        },
        "$extensions": {
          "com.figma.variableId": "VariableID:990:31",
          "com.figma.scopes": [
            "ALL_SCOPES"
          ],
          "com.figma.isOverride": true
        }
      },
      "225": {
        "$type": "color",
        "$value": {
          "colorSpace": "srgb",
          "components": [
            0.7450980544090271,
            0.7450980544090271,
            0.7450980544090271
          ],
          "alpha": 1,
          "hex": "#BEBEBE"
        },
        "$extensions": {
          "com.figma.variableId": "VariableID:990:30",
          "com.figma.scopes": [
            "ALL_SCOPES"
          ],
          "com.figma.isOverride": true
        }
      },
      "250": {
        "$type": "color",
        "$value": {
          "colorSpace": "srgb",
          "components": [
            0.7058823704719543,
            0.7058823704719543,
            0.7058823704719543
          ],
          "alpha": 1,
          "hex": "#B4B4B4"
        },
        "$extensions": {
          "com.figma.variableId": "VariableID:990:29",
          "com.figma.scopes": [
            "ALL_SCOPES"
          ],
          "com.figma.isOverride": true
        }
      },
      "300": {
        "$type": "color",
        "$value": {
          "colorSpace": "srgb",
          "components": [
            0.6705882549285889,
            0.6705882549285889,
            0.6705882549285889
          ],
          "alpha": 1,
          "hex": "#ABABAB"
        },
        "$extensions": {
          "com.figma.variableId": "VariableID:990:28",
          "com.figma.scopes": [
            "ALL_SCOPES"
          ],
          "com.figma.isOverride": true
        }
      },
      "325": {
        "$type": "color",
        "$value": {
          "colorSpace": "srgb",
          "components": [
            0.6352941393852234,
            0.6352941393852234,
            0.6352941393852234
          ],
          "alpha": 1,
          "hex": "#A2A2A2"
        },
        "$extensions": {
          "com.figma.variableId": "VariableID:990:27",
          "com.figma.scopes": [
            "ALL_SCOPES"
          ],
          "com.figma.isOverride": true
        }
      },
      "350": {
        "$type": "color",
        "$value": {
          "colorSpace": "srgb",
          "components": [
            0.6000000238418579,
            0.6000000238418579,
            0.6000000238418579
          ],
          "alpha": 1,
          "hex": "#999999"
        },
        "$extensions": {
          "com.figma.variableId": "VariableID:990:26",
          "com.figma.scopes": [
            "ALL_SCOPES"
          ],
          "com.figma.isOverride": true
        }
      },
      "400": {
        "$type": "color",
        "$value": {
          "colorSpace": "srgb",
          "components": [
            0.5686274766921997,
            0.5686274766921997,
            0.5686274766921997
          ],
          "alpha": 1,
          "hex": "#919191"
        },
        "$extensions": {
          "com.figma.variableId": "VariableID:990:25",
          "com.figma.scopes": [
            "ALL_SCOPES"
          ],
          "com.figma.isOverride": true
        }
      },
      "425": {
        "$type": "color",
        "$value": {
          "colorSpace": "srgb",
          "components": [
            0.5372549295425415,
            0.5372549295425415,
            0.5372549295425415
          ],
          "alpha": 1,
          "hex": "#898989"
        },
        "$extensions": {
          "com.figma.variableId": "VariableID:990:24",
          "com.figma.scopes": [
            "ALL_SCOPES"
          ],
          "com.figma.isOverride": true
        }
      },
      "450": {
        "$type": "color",
        "$value": {
          "colorSpace": "srgb",
          "components": [
            0.5058823823928833,
            0.5058823823928833,
            0.5058823823928833
          ],
          "alpha": 1,
          "hex": "#818181"
        },
        "$extensions": {
          "com.figma.variableId": "VariableID:990:23",
          "com.figma.scopes": [
            "ALL_SCOPES"
          ],
          "com.figma.isOverride": true
        }
      },
      "500": {
        "$type": "color",
        "$value": {
          "colorSpace": "srgb",
          "components": [
            0.4745098054409027,
            0.4745098054409027,
            0.4745098054409027
          ],
          "alpha": 1,
          "hex": "#797979"
        },
        "$extensions": {
          "com.figma.variableId": "VariableID:990:22",
          "com.figma.scopes": [
            "ALL_SCOPES"
          ],
          "com.figma.isOverride": true
        }
      },
      "525": {
        "$type": "color",
        "$value": {
          "colorSpace": "srgb",
          "components": [
            0.4470588266849518,
            0.4470588266849518,
            0.4470588266849518
          ],
          "alpha": 1,
          "hex": "#727272"
        },
        "$extensions": {
          "com.figma.variableId": "VariableID:990:21",
          "com.figma.scopes": [
            "ALL_SCOPES"
          ],
          "com.figma.isOverride": true
        }
      },
      "550": {
        "$type": "color",
        "$value": {
          "colorSpace": "srgb",
          "components": [
            0.41960784792900085,
            0.41960784792900085,
            0.41960784792900085
          ],
          "alpha": 1,
          "hex": "#6B6B6B"
        },
        "$extensions": {
          "com.figma.variableId": "VariableID:990:20",
          "com.figma.scopes": [
            "ALL_SCOPES"
          ],
          "com.figma.isOverride": true
        }
      },
      "600": {
        "$type": "color",
        "$value": {
          "colorSpace": "srgb",
          "components": [
            0.3921568691730499,
            0.3921568691730499,
            0.3921568691730499
          ],
          "alpha": 1,
          "hex": "#646464"
        },
        "$extensions": {
          "com.figma.variableId": "VariableID:990:19",
          "com.figma.scopes": [
            "ALL_SCOPES"
          ],
          "com.figma.isOverride": true
        }
      },
      "625": {
        "$type": "color",
        "$value": {
          "colorSpace": "srgb",
          "components": [
            0.364705890417099,
            0.364705890417099,
            0.364705890417099
          ],
          "alpha": 1,
          "hex": "#5D5D5D"
        },
        "$extensions": {
          "com.figma.variableId": "VariableID:990:18",
          "com.figma.scopes": [
            "ALL_SCOPES"
          ],
          "com.figma.isOverride": true
        }
      },
      "650": {
        "$type": "color",
        "$value": {
          "colorSpace": "srgb",
          "components": [
            0.33725491166114807,
            0.33725491166114807,
            0.33725491166114807
          ],
          "alpha": 1,
          "hex": "#565656"
        },
        "$extensions": {
          "com.figma.variableId": "VariableID:990:11",
          "com.figma.scopes": [
            "ALL_SCOPES"
          ],
          "com.figma.isOverride": true
        }
      },
      "700": {
        "$type": "color",
        "$value": {
          "colorSpace": "srgb",
          "components": [
            0.30980393290519714,
            0.30980393290519714,
            0.30980393290519714
          ],
          "alpha": 1,
          "hex": "#4F4F4F"
        },
        "$extensions": {
          "com.figma.variableId": "VariableID:990:10",
          "com.figma.scopes": [
            "ALL_SCOPES"
          ],
          "com.figma.isOverride": true
        }
      },
      "725": {
        "$type": "color",
        "$value": {
          "colorSpace": "srgb",
          "components": [
            0.2823529541492462,
            0.2823529541492462,
            0.2823529541492462
          ],
          "alpha": 1,
          "hex": "#484848"
        },
        "$extensions": {
          "com.figma.variableId": "VariableID:990:9",
          "com.figma.scopes": [
            "ALL_SCOPES"
          ],
          "com.figma.isOverride": true
        }
      },
      "750": {
        "$type": "color",
        "$value": {
          "colorSpace": "srgb",
          "components": [
            0.2549019753932953,
            0.2549019753932953,
            0.2549019753932953
          ],
          "alpha": 1,
          "hex": "#414141"
        },
        "$extensions": {
          "com.figma.variableId": "VariableID:990:8",
          "com.figma.scopes": [
            "ALL_SCOPES"
          ],
          "com.figma.isOverride": true
        }
      },
      "800": {
        "$type": "color",
        "$value": {
          "colorSpace": "srgb",
          "components": [
            0.22745098173618317,
            0.22745098173618317,
            0.22745098173618317
          ],
          "alpha": 1,
          "hex": "#3A3A3A"
        },
        "$extensions": {
          "com.figma.variableId": "VariableID:990:7",
          "com.figma.scopes": [
            "ALL_SCOPES"
          ],
          "com.figma.isOverride": true
        }
      },
      "825": {
        "$type": "color",
        "$value": {
          "colorSpace": "srgb",
          "components": [
            0.20000000298023224,
            0.20000000298023224,
            0.20000000298023224
          ],
          "alpha": 1,
          "hex": "#333333"
        },
        "$extensions": {
          "com.figma.variableId": "VariableID:990:6",
          "com.figma.scopes": [
            "ALL_SCOPES"
          ],
          "com.figma.isOverride": true
        }
      },
      "850": {
        "$type": "color",
        "$value": {
          "colorSpace": "srgb",
          "components": [
            0.1725490242242813,
            0.1725490242242813,
            0.1725490242242813
          ],
          "alpha": 1,
          "hex": "#2C2C2C"
        },
        "$extensions": {
          "com.figma.variableId": "VariableID:990:5",
          "com.figma.scopes": [
            "ALL_SCOPES"
          ],
          "com.figma.isOverride": true
        }
      },
      "900": {
        "$type": "color",
        "$value": {
          "colorSpace": "srgb",
          "components": [
            0.1411764770746231,
            0.1411764770746231,
            0.1411764770746231
          ],
          "alpha": 1,
          "hex": "#242424"
        },
        "$extensions": {
          "com.figma.variableId": "VariableID:990:4",
          "com.figma.scopes": [
            "ALL_SCOPES"
          ],
          "com.figma.isOverride": true
        }
      },
      "925": {
        "$type": "color",
        "$value": {
          "colorSpace": "srgb",
          "components": [
            0.10588235408067703,
            0.10588235408067703,
            0.10588235408067703
          ],
          "alpha": 1,
          "hex": "#1B1B1B"
        },
        "$extensions": {
          "com.figma.variableId": "VariableID:990:3",
          "com.figma.scopes": [
            "ALL_SCOPES"
          ],
          "com.figma.isOverride": true
        }
      },
      "950": {
        "$type": "color",
        "$value": {
          "colorSpace": "srgb",
          "components": [
            0.062745101749897,
            0.062745101749897,
            0.062745101749897
          ],
          "alpha": 1,
          "hex": "#101010"
        },
        "$extensions": {
          "com.figma.variableId": "VariableID:990:2",
          "com.figma.scopes": [
            "ALL_SCOPES"
          ],
          "com.figma.isOverride": true
        }
      }
    },
    "slate": {
      "50": {
        "$type": "color",
        "$value": {
          "colorSpace": "srgb",
          "components": [
            0.9725490212440491,
            0.9803921580314636,
            0.9882352948188782
          ],
          "alpha": 1,
          "hex": "#F8FAFC"
        },
        "$extensions": {
          "com.figma.variableId": "VariableID:8:2835",
          "com.figma.scopes": [
            "ALL_SCOPES"
          ],
          "com.figma.isOverride": true
        }
      },
      "100": {
        "$type": "color",
        "$value": {
          "colorSpace": "srgb",
          "components": [
            0.9450980424880981,
            0.9607843160629272,
            0.9764705896377563
          ],
          "alpha": 1,
          "hex": "#F1F5F9"
        },
        "$extensions": {
          "com.figma.variableId": "VariableID:8:2836",
          "com.figma.scopes": [
            "ALL_SCOPES"
          ],
          "com.figma.isOverride": true
        }
      },
      "200": {
        "$type": "color",
        "$value": {
          "colorSpace": "srgb",
          "components": [
            0.886274516582489,
            0.9098039269447327,
            0.9411764740943909
          ],
          "alpha": 1,
          "hex": "#E2E8F0"
        },
        "$extensions": {
          "com.figma.variableId": "VariableID:8:2837",
          "com.figma.scopes": [
            "ALL_SCOPES"
          ],
          "com.figma.isOverride": true
        }
      },
      "300": {
        "$type": "color",
        "$value": {
          "colorSpace": "srgb",
          "components": [
            0.7960784435272217,
            0.8352941274642944,
            0.8823529481887817
          ],
          "alpha": 1,
          "hex": "#CBD5E1"
        },
        "$extensions": {
          "com.figma.variableId": "VariableID:8:2838",
          "com.figma.scopes": [
            "ALL_SCOPES"
          ],
          "com.figma.isOverride": true
        }
      },
      "400": {
        "$type": "color",
        "$value": {
          "colorSpace": "srgb",
          "components": [
            0.5803921818733215,
            0.6392157077789307,
            0.7215686440467834
          ],
          "alpha": 1,
          "hex": "#94A3B8"
        },
        "$extensions": {
          "com.figma.variableId": "VariableID:8:2839",
          "com.figma.scopes": [
            "ALL_SCOPES"
          ],
          "com.figma.isOverride": true
        }
      },
      "500": {
        "$type": "color",
        "$value": {
          "colorSpace": "srgb",
          "components": [
            0.3921568691730499,
            0.45490196347236633,
            0.545098066329956
          ],
          "alpha": 1,
          "hex": "#64748B"
        },
        "$extensions": {
          "com.figma.variableId": "VariableID:8:2840",
          "com.figma.scopes": [
            "ALL_SCOPES"
          ],
          "com.figma.isOverride": true
        }
      },
      "600": {
        "$type": "color",
        "$value": {
          "colorSpace": "srgb",
          "components": [
            0.27843138575553894,
            0.3333333432674408,
            0.4117647111415863
          ],
          "alpha": 1,
          "hex": "#475569"
        },
        "$extensions": {
          "com.figma.variableId": "VariableID:8:2841",
          "com.figma.scopes": [
            "ALL_SCOPES"
          ],
          "com.figma.isOverride": true
        }
      },
      "700": {
        "$type": "color",
        "$value": {
          "colorSpace": "srgb",
          "components": [
            0.20000000298023224,
            0.2549019753932953,
            0.3333333432674408
          ],
          "alpha": 1,
          "hex": "#334155"
        },
        "$extensions": {
          "com.figma.variableId": "VariableID:8:2842",
          "com.figma.scopes": [
            "ALL_SCOPES"
          ],
          "com.figma.isOverride": true
        }
      },
      "750": {
        "$type": "color",
        "$value": {
          "colorSpace": "srgb",
          "components": [
            0.1570138931274414,
            0.20902779698371887,
            0.28333333134651184
          ],
          "alpha": 1,
          "hex": "#283548"
        },
        "$extensions": {
          "com.figma.variableId": "VariableID:269:1986",
          "com.figma.scopes": [
            "ALL_SCOPES"
          ],
          "com.figma.isOverride": true
        }
      },
      "800": {
        "$type": "color",
        "$value": {
          "colorSpace": "srgb",
          "components": [
            0.11764705926179886,
            0.16078431904315948,
            0.23137255012989044
          ],
          "alpha": 1,
          "hex": "#1E293B"
        },
        "$extensions": {
          "com.figma.variableId": "VariableID:8:2843",
          "com.figma.scopes": [
            "ALL_SCOPES"
          ],
          "com.figma.isOverride": true
        }
      },
      "900": {
        "$type": "color",
        "$value": {
          "colorSpace": "srgb",
          "components": [
            0.05882352963089943,
            0.09019608050584793,
            0.16470588743686676
          ],
          "alpha": 1,
          "hex": "#0F172A"
        },
        "$extensions": {
          "com.figma.variableId": "VariableID:8:2844",
          "com.figma.scopes": [
            "ALL_SCOPES"
          ],
          "com.figma.isOverride": true
        }
      }
    },
    "red": {
      "50": {
        "$type": "color",
        "$value": {
          "colorSpace": "srgb",
          "components": [
            0.9960784316062927,
            0.9490196108818054,
            0.9490196108818054
          ],
          "alpha": 1,
          "hex": "#FEF2F2"
        },
        "$extensions": {
          "com.figma.variableId": "VariableID:10:2846",
          "com.figma.scopes": [
            "ALL_SCOPES"
          ],
          "com.figma.isOverride": true
        }
      },
      "100": {
        "$type": "color",
        "$value": {
          "colorSpace": "srgb",
          "components": [
            0.9960784316062927,
            0.886274516582489,
            0.886274516582489
          ],
          "alpha": 1,
          "hex": "#FEE2E2"
        },
        "$extensions": {
          "com.figma.variableId": "VariableID:10:2847",
          "com.figma.scopes": [
            "ALL_SCOPES"
          ],
          "com.figma.isOverride": true
        }
      },
      "200": {
        "$type": "color",
        "$value": {
          "colorSpace": "srgb",
          "components": [
            0.9960784316062927,
            0.7921568751335144,
            0.7921568751335144
          ],
          "alpha": 1,
          "hex": "#FECACA"
        },
        "$extensions": {
          "com.figma.variableId": "VariableID:10:2848",
          "com.figma.scopes": [
            "ALL_SCOPES"
          ],
          "com.figma.isOverride": true
        }
      },
      "300": {
        "$type": "color",
        "$value": {
          "colorSpace": "srgb",
          "components": [
            0.9882352948188782,
            0.6470588445663452,
            0.6470588445663452
          ],
          "alpha": 1,
          "hex": "#FCA5A5"
        },
        "$extensions": {
          "com.figma.variableId": "VariableID:10:2849",
          "com.figma.scopes": [
            "ALL_SCOPES"
          ],
          "com.figma.isOverride": true
        }
      },
      "400": {
        "$type": "color",
        "$value": {
          "colorSpace": "srgb",
          "components": [
            0.9725490212440491,
            0.4431372582912445,
            0.4431372582912445
          ],
          "alpha": 1,
          "hex": "#F87171"
        },
        "$extensions": {
          "com.figma.variableId": "VariableID:10:2850",
          "com.figma.scopes": [
            "ALL_SCOPES"
          ],
          "com.figma.isOverride": true
        }
      },
      "500": {
        "$type": "color",
        "$value": {
          "colorSpace": "srgb",
          "components": [
            0.9372549057006836,
            0.2666666805744171,
            0.2666666805744171
          ],
          "alpha": 1,
          "hex": "#EF4444"
        },
        "$extensions": {
          "com.figma.variableId": "VariableID:10:2851",
          "com.figma.scopes": [
            "ALL_SCOPES"
          ],
          "com.figma.isOverride": true
        }
      },
      "600": {
        "$type": "color",
        "$value": {
          "colorSpace": "srgb",
          "components": [
            0.8627451062202454,
            0.14901961386203766,
            0.14901961386203766
          ],
          "alpha": 1,
          "hex": "#DC2626"
        },
        "$extensions": {
          "com.figma.variableId": "VariableID:10:2852",
          "com.figma.scopes": [
            "ALL_SCOPES"
          ],
          "com.figma.isOverride": true
        }
      },
      "700": {
        "$type": "color",
        "$value": {
          "colorSpace": "srgb",
          "components": [
            0.7254902124404907,
            0.10980392247438431,
            0.10980392247438431
          ],
          "alpha": 1,
          "hex": "#B91C1C"
        },
        "$extensions": {
          "com.figma.variableId": "VariableID:10:2853",
          "com.figma.scopes": [
            "ALL_SCOPES"
          ],
          "com.figma.isOverride": true
        }
      },
      "800": {
        "$type": "color",
        "$value": {
          "colorSpace": "srgb",
          "components": [
            0.6000000238418579,
            0.10588235408067703,
            0.10588235408067703
          ],
          "alpha": 1,
          "hex": "#991B1B"
        },
        "$extensions": {
          "com.figma.variableId": "VariableID:10:2854",
          "com.figma.scopes": [
            "ALL_SCOPES"
          ],
          "com.figma.isOverride": true
        }
      },
      "900": {
        "$type": "color",
        "$value": {
          "colorSpace": "srgb",
          "components": [
            0.49803921580314636,
            0.11372549086809158,
            0.11372549086809158
          ],
          "alpha": 1,
          "hex": "#7F1D1D"
        },
        "$extensions": {
          "com.figma.variableId": "VariableID:10:2855",
          "com.figma.scopes": [
            "ALL_SCOPES"
          ],
          "com.figma.isOverride": true
        }
      },
      "brand": {
        "$type": "color",
        "$value": {
          "colorSpace": "srgb",
          "components": [
            1,
            0.20000000298023224,
            0
          ],
          "alpha": 1,
          "hex": "#FF3300"
        },
        "$extensions": {
          "com.figma.variableId": "VariableID:6973:8",
          "com.figma.scopes": [
            "ALL_SCOPES"
          ],
          "com.figma.isOverride": true
        }
      }
    },
    "green": {
      "50": {
        "$type": "color",
        "$value": {
          "colorSpace": "srgb",
          "components": [
            0.9411764740943909,
            0.9921568632125854,
            0.95686274766922
          ],
          "alpha": 1,
          "hex": "#F0FDF4"
        },
        "$extensions": {
          "com.figma.variableId": "VariableID:10:2856",
          "com.figma.scopes": [
            "ALL_SCOPES"
          ],
          "com.figma.isOverride": true
        }
      },
      "100": {
        "$type": "color",
        "$value": {
          "colorSpace": "srgb",
          "components": [
            0.8627451062202454,
            0.9882352948188782,
            0.9058823585510254
          ],
          "alpha": 1,
          "hex": "#DCFCE7"
        },
        "$extensions": {
          "com.figma.variableId": "VariableID:10:2857",
          "com.figma.scopes": [
            "ALL_SCOPES"
          ],
          "com.figma.isOverride": true
        }
      },
      "200": {
        "$type": "color",
        "$value": {
          "colorSpace": "srgb",
          "components": [
            0.7333333492279053,
            0.9686274528503418,
            0.8156862854957581
          ],
          "alpha": 1,
          "hex": "#BBF7D0"
        },
        "$extensions": {
          "com.figma.variableId": "VariableID:10:2858",
          "com.figma.scopes": [
            "ALL_SCOPES"
          ],
          "com.figma.isOverride": true
        }
      },
      "300": {
        "$type": "color",
        "$value": {
          "colorSpace": "srgb",
          "components": [
            0.5254902243614197,
            0.9372549057006836,
            0.6745098233222961
          ],
          "alpha": 1,
          "hex": "#86EFAC"
        },
        "$extensions": {
          "com.figma.variableId": "VariableID:10:2859",
          "com.figma.scopes": [
            "ALL_SCOPES"
          ],
          "com.figma.isOverride": true
        }
      },
      "400": {
        "$type": "color",
        "$value": {
          "colorSpace": "srgb",
          "components": [
            0.29019609093666077,
            0.8705882430076599,
            0.501960813999176
          ],
          "alpha": 1,
          "hex": "#4ADE80"
        },
        "$extensions": {
          "com.figma.variableId": "VariableID:10:2860",
          "com.figma.scopes": [
            "ALL_SCOPES"
          ],
          "com.figma.isOverride": true
        }
      },
      "500": {
        "$type": "color",
        "$value": {
          "colorSpace": "srgb",
          "components": [
            0.13333334028720856,
            0.772549033164978,
            0.3686274588108063
          ],
          "alpha": 1,
          "hex": "#22C55E"
        },
        "$extensions": {
          "com.figma.variableId": "VariableID:10:2861",
          "com.figma.scopes": [
            "ALL_SCOPES"
          ],
          "com.figma.isOverride": true
        }
      },
      "600": {
        "$type": "color",
        "$value": {
          "colorSpace": "srgb",
          "components": [
            0.08627451211214066,
            0.6392157077789307,
            0.29019609093666077
          ],
          "alpha": 1,
          "hex": "#16A34A"
        },
        "$extensions": {
          "com.figma.variableId": "VariableID:10:2862",
          "com.figma.scopes": [
            "ALL_SCOPES"
          ],
          "com.figma.isOverride": true
        }
      },
      "700": {
        "$type": "color",
        "$value": {
          "colorSpace": "srgb",
          "components": [
            0.08235294371843338,
            0.501960813999176,
            0.239215686917305
          ],
          "alpha": 1,
          "hex": "#15803D"
        },
        "$extensions": {
          "com.figma.variableId": "VariableID:10:2863",
          "com.figma.scopes": [
            "ALL_SCOPES"
          ],
          "com.figma.isOverride": true
        }
      },
      "800": {
        "$type": "color",
        "$value": {
          "colorSpace": "srgb",
          "components": [
            0.08627451211214066,
            0.3960784375667572,
            0.20392157137393951
          ],
          "alpha": 1,
          "hex": "#166534"
        },
        "$extensions": {
          "com.figma.variableId": "VariableID:10:2864",
          "com.figma.scopes": [
            "ALL_SCOPES"
          ],
          "com.figma.isOverride": true
        }
      },
      "900": {
        "$type": "color",
        "$value": {
          "colorSpace": "srgb",
          "components": [
            0.0784313753247261,
            0.32549020648002625,
            0.1764705926179886
          ],
          "alpha": 1,
          "hex": "#14532D"
        },
        "$extensions": {
          "com.figma.variableId": "VariableID:10:2865",
          "com.figma.scopes": [
            "ALL_SCOPES"
          ],
          "com.figma.isOverride": true
        }
      }
    },
    "orange": {
      "50": {
        "$type": "color",
        "$value": {
          "colorSpace": "srgb",
          "components": [
            1,
            0.9686274528503418,
            0.929411768913269
          ],
          "alpha": 1,
          "hex": "#FFF7ED"
        },
        "$extensions": {
          "com.figma.variableId": "VariableID:10:2866",
          "com.figma.scopes": [
            "ALL_SCOPES"
          ],
          "com.figma.isOverride": true
        }
      },
      "100": {
        "$type": "color",
        "$value": {
          "colorSpace": "srgb",
          "components": [
            1,
            0.929411768913269,
            0.8352941274642944
          ],
          "alpha": 1,
          "hex": "#FFEDD5"
        },
        "$extensions": {
          "com.figma.variableId": "VariableID:10:2867",
          "com.figma.scopes": [
            "ALL_SCOPES"
          ],
          "com.figma.isOverride": true
        }
      },
      "200": {
        "$type": "color",
        "$value": {
          "colorSpace": "srgb",
          "components": [
            0.9960784316062927,
            0.843137264251709,
            0.6666666865348816
          ],
          "alpha": 1,
          "hex": "#FED7AA"
        },
        "$extensions": {
          "com.figma.variableId": "VariableID:10:2868",
          "com.figma.scopes": [
            "ALL_SCOPES"
          ],
          "com.figma.isOverride": true
        }
      },
      "300": {
        "$type": "color",
        "$value": {
          "colorSpace": "srgb",
          "components": [
            0.9921568632125854,
            0.729411780834198,
            0.45490196347236633
          ],
          "alpha": 1,
          "hex": "#FDBA74"
        },
        "$extensions": {
          "com.figma.variableId": "VariableID:10:2869",
          "com.figma.scopes": [
            "ALL_SCOPES"
          ],
          "com.figma.isOverride": true
        }
      },
      "400": {
        "$type": "color",
        "$value": {
          "colorSpace": "srgb",
          "components": [
            0.9843137264251709,
            0.572549045085907,
            0.23529411852359772
          ],
          "alpha": 1,
          "hex": "#FB923C"
        },
        "$extensions": {
          "com.figma.variableId": "VariableID:10:2870",
          "com.figma.scopes": [
            "ALL_SCOPES"
          ],
          "com.figma.isOverride": true
        }
      },
      "500": {
        "$type": "color",
        "$value": {
          "colorSpace": "srgb",
          "components": [
            0.9764705896377563,
            0.45098039507865906,
            0.08627451211214066
          ],
          "alpha": 1,
          "hex": "#F97316"
        },
        "$extensions": {
          "com.figma.variableId": "VariableID:10:2871",
          "com.figma.scopes": [
            "ALL_SCOPES"
          ],
          "com.figma.isOverride": true
        }
      },
      "600": {
        "$type": "color",
        "$value": {
          "colorSpace": "srgb",
          "components": [
            0.9176470637321472,
            0.3450980484485626,
            0.0470588244497776
          ],
          "alpha": 1,
          "hex": "#EA580C"
        },
        "$extensions": {
          "com.figma.variableId": "VariableID:10:2872",
          "com.figma.scopes": [
            "ALL_SCOPES"
          ],
          "com.figma.isOverride": true
        }
      },
      "700": {
        "$type": "color",
        "$value": {
          "colorSpace": "srgb",
          "components": [
            0.7607843279838562,
            0.2549019753932953,
            0.0470588244497776
          ],
          "alpha": 1,
          "hex": "#C2410C"
        },
        "$extensions": {
          "com.figma.variableId": "VariableID:10:2873",
          "com.figma.scopes": [
            "ALL_SCOPES"
          ],
          "com.figma.isOverride": true
        }
      },
      "800": {
        "$type": "color",
        "$value": {
          "colorSpace": "srgb",
          "components": [
            0.6039215922355652,
            0.20392157137393951,
            0.07058823853731155
          ],
          "alpha": 1,
          "hex": "#9A3412"
        },
        "$extensions": {
          "com.figma.variableId": "VariableID:10:2874",
          "com.figma.scopes": [
            "ALL_SCOPES"
          ],
          "com.figma.isOverride": true
        }
      },
      "900": {
        "$type": "color",
        "$value": {
          "colorSpace": "srgb",
          "components": [
            0.48627451062202454,
            0.1764705926179886,
            0.07058823853731155
          ],
          "alpha": 1,
          "hex": "#7C2D12"
        },
        "$extensions": {
          "com.figma.variableId": "VariableID:10:2875",
          "com.figma.scopes": [
            "ALL_SCOPES"
          ],
          "com.figma.isOverride": true
        }
      }
    },
    "amber": {
      "50": {
        "$type": "color",
        "$value": {
          "colorSpace": "srgb",
          "components": [
            1,
            0.9843137264251709,
            0.9215686321258545
          ],
          "alpha": 1,
          "hex": "#FFFBEB"
        },
        "$extensions": {
          "com.figma.variableId": "VariableID:10:2876",
          "com.figma.scopes": [
            "ALL_SCOPES"
          ],
          "com.figma.isOverride": true
        }
      },
      "100": {
        "$type": "color",
        "$value": {
          "colorSpace": "srgb",
          "components": [
            0.9960784316062927,
            0.9529411792755127,
            0.7803921699523926
          ],
          "alpha": 1,
          "hex": "#FEF3C7"
        },
        "$extensions": {
          "com.figma.variableId": "VariableID:10:2877",
          "com.figma.scopes": [
            "ALL_SCOPES"
          ],
          "com.figma.isOverride": true
        }
      },
      "200": {
        "$type": "color",
        "$value": {
          "colorSpace": "srgb",
          "components": [
            0.9921568632125854,
            0.9019607901573181,
            0.5411764979362488
          ],
          "alpha": 1,
          "hex": "#FDE68A"
        },
        "$extensions": {
          "com.figma.variableId": "VariableID:10:2878",
          "com.figma.scopes": [
            "ALL_SCOPES"
          ],
          "com.figma.isOverride": true
        }
      },
      "300": {
        "$type": "color",
        "$value": {
          "colorSpace": "srgb",
          "components": [
            0.9882352948188782,
            0.8274509906768799,
            0.3019607961177826
          ],
          "alpha": 1,
          "hex": "#FCD34D"
        },
        "$extensions": {
          "com.figma.variableId": "VariableID:10:2879",
          "com.figma.scopes": [
            "ALL_SCOPES"
          ],
          "com.figma.isOverride": true
        }
      },
      "400": {
        "$type": "color",
        "$value": {
          "colorSpace": "srgb",
          "components": [
            0.9843137264251709,
            0.7490196228027344,
            0.1411764770746231
          ],
          "alpha": 1,
          "hex": "#FBBF24"
        },
        "$extensions": {
          "com.figma.variableId": "VariableID:10:2880",
          "com.figma.scopes": [
            "ALL_SCOPES"
          ],
          "com.figma.isOverride": true
        }
      },
      "500": {
        "$type": "color",
        "$value": {
          "colorSpace": "srgb",
          "components": [
            0.9607843160629272,
            0.6196078658103943,
            0.04313725605607033
          ],
          "alpha": 1,
          "hex": "#F59E0B"
        },
        "$extensions": {
          "com.figma.variableId": "VariableID:10:2881",
          "com.figma.scopes": [
            "ALL_SCOPES"
          ],
          "com.figma.isOverride": true
        }
      },
      "600": {
        "$type": "color",
        "$value": {
          "colorSpace": "srgb",
          "components": [
            0.8509804010391235,
            0.46666666865348816,
            0.0235294122248888
          ],
          "alpha": 1,
          "hex": "#D97706"
        },
        "$extensions": {
          "com.figma.variableId": "VariableID:10:2882",
          "com.figma.scopes": [
            "ALL_SCOPES"
          ],
          "com.figma.isOverride": true
        }
      },
      "700": {
        "$type": "color",
        "$value": {
          "colorSpace": "srgb",
          "components": [
            0.7058823704719543,
            0.32549020648002625,
            0.03529411926865578
          ],
          "alpha": 1,
          "hex": "#B45309"
        },
        "$extensions": {
          "com.figma.variableId": "VariableID:10:2883",
          "com.figma.scopes": [
            "ALL_SCOPES"
          ],
          "com.figma.isOverride": true
        }
      },
      "800": {
        "$type": "color",
        "$value": {
          "colorSpace": "srgb",
          "components": [
            0.572549045085907,
            0.250980406999588,
            0.054901961237192154
          ],
          "alpha": 1,
          "hex": "#92400E"
        },
        "$extensions": {
          "com.figma.variableId": "VariableID:10:2884",
          "com.figma.scopes": [
            "ALL_SCOPES"
          ],
          "com.figma.isOverride": true
        }
      },
      "900": {
        "$type": "color",
        "$value": {
          "colorSpace": "srgb",
          "components": [
            0.47058823704719543,
            0.2078431397676468,
            0.05882352963089943
          ],
          "alpha": 1,
          "hex": "#78350F"
        },
        "$extensions": {
          "com.figma.variableId": "VariableID:10:2885",
          "com.figma.scopes": [
            "ALL_SCOPES"
          ],
          "com.figma.isOverride": true
        }
      }
    },
    "yellow": {
      "50": {
        "$type": "color",
        "$value": {
          "colorSpace": "srgb",
          "components": [
            0.9960784316062927,
            0.9882352948188782,
            0.9098039269447327
          ],
          "alpha": 1,
          "hex": "#FEFCE8"
        },
        "$extensions": {
          "com.figma.variableId": "VariableID:10:2916",
          "com.figma.scopes": [
            "ALL_SCOPES"
          ],
          "com.figma.isOverride": true
        }
      },
      "100": {
        "$type": "color",
        "$value": {
          "colorSpace": "srgb",
          "components": [
            0.9960784316062927,
            0.9764705896377563,
            0.7647058963775635
          ],
          "alpha": 1,
          "hex": "#FEF9C3"
        },
        "$extensions": {
          "com.figma.variableId": "VariableID:10:2917",
          "com.figma.scopes": [
            "ALL_SCOPES"
          ],
          "com.figma.isOverride": true
        }
      },
      "200": {
        "$type": "color",
        "$value": {
          "colorSpace": "srgb",
          "components": [
            0.9960784316062927,
            0.9411764740943909,
            0.5411764979362488
          ],
          "alpha": 1,
          "hex": "#FEF08A"
        },
        "$extensions": {
          "com.figma.variableId": "VariableID:10:2918",
          "com.figma.scopes": [
            "ALL_SCOPES"
          ],
          "com.figma.isOverride": true
        }
      },
      "300": {
        "$type": "color",
        "$value": {
          "colorSpace": "srgb",
          "components": [
            0.9921568632125854,
            0.8784313797950745,
            0.27843138575553894
          ],
          "alpha": 1,
          "hex": "#FDE047"
        },
        "$extensions": {
          "com.figma.variableId": "VariableID:10:2919",
          "com.figma.scopes": [
            "ALL_SCOPES"
          ],
          "com.figma.isOverride": true
        }
      },
      "400": {
        "$type": "color",
        "$value": {
          "colorSpace": "srgb",
          "components": [
            0.9803921580314636,
            0.800000011920929,
            0.08235294371843338
          ],
          "alpha": 1,
          "hex": "#FACC15"
        },
        "$extensions": {
          "com.figma.variableId": "VariableID:10:2920",
          "com.figma.scopes": [
            "ALL_SCOPES"
          ],
          "com.figma.isOverride": true
        }
      },
      "500": {
        "$type": "color",
        "$value": {
          "colorSpace": "srgb",
          "components": [
            0.9176470637321472,
            0.7019608020782471,
            0.0313725508749485
          ],
          "alpha": 1,
          "hex": "#EAB308"
        },
        "$extensions": {
          "com.figma.variableId": "VariableID:10:2921",
          "com.figma.scopes": [
            "ALL_SCOPES"
          ],
          "com.figma.isOverride": true
        }
      },
      "600": {
        "$type": "color",
        "$value": {
          "colorSpace": "srgb",
          "components": [
            0.7921568751335144,
            0.5411764979362488,
            0.01568627543747425
          ],
          "alpha": 1,
          "hex": "#CA8A04"
        },
        "$extensions": {
          "com.figma.variableId": "VariableID:10:2922",
          "com.figma.scopes": [
            "ALL_SCOPES"
          ],
          "com.figma.isOverride": true
        }
      },
      "700": {
        "$type": "color",
        "$value": {
          "colorSpace": "srgb",
          "components": [
            0.6313725709915161,
            0.3843137323856354,
            0.027450980618596077
          ],
          "alpha": 1,
          "hex": "#A16207"
        },
        "$extensions": {
          "com.figma.variableId": "VariableID:10:2923",
          "com.figma.scopes": [
            "ALL_SCOPES"
          ],
          "com.figma.isOverride": true
        }
      },
      "800": {
        "$type": "color",
        "$value": {
          "colorSpace": "srgb",
          "components": [
            0.5215686559677124,
            0.3019607961177826,
            0.054901961237192154
          ],
          "alpha": 1,
          "hex": "#854D0E"
        },
        "$extensions": {
          "com.figma.variableId": "VariableID:10:2924",
          "com.figma.scopes": [
            "ALL_SCOPES"
          ],
          "com.figma.isOverride": true
        }
      },
      "900": {
        "$type": "color",
        "$value": {
          "colorSpace": "srgb",
          "components": [
            0.4431372582912445,
            0.24705882370471954,
            0.07058823853731155
          ],
          "alpha": 1,
          "hex": "#713F12"
        },
        "$extensions": {
          "com.figma.variableId": "VariableID:10:2925",
          "com.figma.scopes": [
            "ALL_SCOPES"
          ],
          "com.figma.isOverride": true
        }
      }
    },
    "blue": {
      "50": {
        "$type": "color",
        "$value": {
          "colorSpace": "srgb",
          "components": [
            0.9372549057006836,
            0.9647058844566345,
            1
          ],
          "alpha": 1,
          "hex": "#EFF6FF"
        },
        "$extensions": {
          "com.figma.variableId": "VariableID:10:2886",
          "com.figma.scopes": [
            "ALL_SCOPES"
          ],
          "com.figma.isOverride": true
        }
      },
      "100": {
        "$type": "color",
        "$value": {
          "colorSpace": "srgb",
          "components": [
            0.8588235378265381,
            0.9176470637321472,
            0.9960784316062927
          ],
          "alpha": 1,
          "hex": "#DBEAFE"
        },
        "$extensions": {
          "com.figma.variableId": "VariableID:10:2887",
          "com.figma.scopes": [
            "ALL_SCOPES"
          ],
          "com.figma.isOverride": true
        }
      },
      "200": {
        "$type": "color",
        "$value": {
          "colorSpace": "srgb",
          "components": [
            0.7490196228027344,
            0.8588235378265381,
            0.9960784316062927
          ],
          "alpha": 1,
          "hex": "#BFDBFE"
        },
        "$extensions": {
          "com.figma.variableId": "VariableID:10:2888",
          "com.figma.scopes": [
            "ALL_SCOPES"
          ],
          "com.figma.isOverride": true
        }
      },
      "300": {
        "$type": "color",
        "$value": {
          "colorSpace": "srgb",
          "components": [
            0.5764706134796143,
            0.772549033164978,
            0.9921568632125854
          ],
          "alpha": 1,
          "hex": "#93C5FD"
        },
        "$extensions": {
          "com.figma.variableId": "VariableID:10:2889",
          "com.figma.scopes": [
            "ALL_SCOPES"
          ],
          "com.figma.isOverride": true
        }
      },
      "400": {
        "$type": "color",
        "$value": {
          "colorSpace": "srgb",
          "components": [
            0.3764705955982208,
            0.6470588445663452,
            0.9803921580314636
          ],
          "alpha": 1,
          "hex": "#60A5FA"
        },
        "$extensions": {
          "com.figma.variableId": "VariableID:10:2890",
          "com.figma.scopes": [
            "ALL_SCOPES"
          ],
          "com.figma.isOverride": true
        }
      },
      "500": {
        "$type": "color",
        "$value": {
          "colorSpace": "srgb",
          "components": [
            0.23137255012989044,
            0.5098039507865906,
            0.9647058844566345
          ],
          "alpha": 1,
          "hex": "#3B82F6"
        },
        "$extensions": {
          "com.figma.variableId": "VariableID:10:2891",
          "com.figma.scopes": [
            "ALL_SCOPES"
          ],
          "com.figma.isOverride": true
        }
      },
      "600": {
        "$type": "color",
        "$value": {
          "colorSpace": "srgb",
          "components": [
            0.14509804546833038,
            0.38823530077934265,
            0.9215686321258545
          ],
          "alpha": 1,
          "hex": "#2563EB"
        },
        "$extensions": {
          "com.figma.variableId": "VariableID:10:2892",
          "com.figma.scopes": [
            "ALL_SCOPES"
          ],
          "com.figma.isOverride": true
        }
      },
      "700": {
        "$type": "color",
        "$value": {
          "colorSpace": "srgb",
          "components": [
            0.11372549086809158,
            0.30588236451148987,
            0.8470588326454163
          ],
          "alpha": 1,
          "hex": "#1D4ED8"
        },
        "$extensions": {
          "com.figma.variableId": "VariableID:10:2893",
          "com.figma.scopes": [
            "ALL_SCOPES"
          ],
          "com.figma.isOverride": true
        }
      },
      "800": {
        "$type": "color",
        "$value": {
          "colorSpace": "srgb",
          "components": [
            0.11764705926179886,
            0.250980406999588,
            0.686274528503418
          ],
          "alpha": 1,
          "hex": "#1E40AF"
        },
        "$extensions": {
          "com.figma.variableId": "VariableID:10:2894",
          "com.figma.scopes": [
            "ALL_SCOPES"
          ],
          "com.figma.isOverride": true
        }
      },
      "900": {
        "$type": "color",
        "$value": {
          "colorSpace": "srgb",
          "components": [
            0.11764705926179886,
            0.22745098173618317,
            0.5411764979362488
          ],
          "alpha": 1,
          "hex": "#1E3A8A"
        },
        "$extensions": {
          "com.figma.variableId": "VariableID:10:2895",
          "com.figma.scopes": [
            "ALL_SCOPES"
          ],
          "com.figma.isOverride": true
        }
      }
    },
    "cyan": {
      "50": {
        "$type": "color",
        "$value": {
          "colorSpace": "srgb",
          "components": [
            0.9254902005195618,
            0.9960784316062927,
            1
          ],
          "alpha": 1,
          "hex": "#ECFEFF"
        },
        "$extensions": {
          "com.figma.variableId": "VariableID:10:2896",
          "com.figma.scopes": [
            "ALL_SCOPES"
          ],
          "com.figma.isOverride": true
        }
      },
      "100": {
        "$type": "color",
        "$value": {
          "colorSpace": "srgb",
          "components": [
            0.8117647171020508,
            0.9803921580314636,
            0.9960784316062927
          ],
          "alpha": 1,
          "hex": "#CFFAFE"
        },
        "$extensions": {
          "com.figma.variableId": "VariableID:10:2897",
          "com.figma.scopes": [
            "ALL_SCOPES"
          ],
          "com.figma.isOverride": true
        }
      },
      "200": {
        "$type": "color",
        "$value": {
          "colorSpace": "srgb",
          "components": [
            0.6470588445663452,
            0.9529411792755127,
            0.9882352948188782
          ],
          "alpha": 1,
          "hex": "#A5F3FC"
        },
        "$extensions": {
          "com.figma.variableId": "VariableID:10:2898",
          "com.figma.scopes": [
            "ALL_SCOPES"
          ],
          "com.figma.isOverride": true
        }
      },
      "300": {
        "$type": "color",
        "$value": {
          "colorSpace": "srgb",
          "components": [
            0.40392157435417175,
            0.9098039269447327,
            0.9764705896377563
          ],
          "alpha": 1,
          "hex": "#67E8F9"
        },
        "$extensions": {
          "com.figma.variableId": "VariableID:10:2899",
          "com.figma.scopes": [
            "ALL_SCOPES"
          ],
          "com.figma.isOverride": true
        }
      },
      "400": {
        "$type": "color",
        "$value": {
          "colorSpace": "srgb",
          "components": [
            0.13333334028720856,
            0.8274509906768799,
            0.9333333373069763
          ],
          "alpha": 1,
          "hex": "#22D3EE"
        },
        "$extensions": {
          "com.figma.variableId": "VariableID:10:2900",
          "com.figma.scopes": [
            "ALL_SCOPES"
          ],
          "com.figma.isOverride": true
        }
      },
      "500": {
        "$type": "color",
        "$value": {
          "colorSpace": "srgb",
          "components": [
            0.0235294122248888,
            0.7137255072593689,
            0.8313725590705872
          ],
          "alpha": 1,
          "hex": "#06B6D4"
        },
        "$extensions": {
          "com.figma.variableId": "VariableID:10:2901",
          "com.figma.scopes": [
            "ALL_SCOPES"
          ],
          "com.figma.isOverride": true
        }
      },
      "600": {
        "$type": "color",
        "$value": {
          "colorSpace": "srgb",
          "components": [
            0.0313725508749485,
            0.5686274766921997,
            0.6980392336845398
          ],
          "alpha": 1,
          "hex": "#0891B2"
        },
        "$extensions": {
          "com.figma.variableId": "VariableID:10:2902",
          "com.figma.scopes": [
            "ALL_SCOPES"
          ],
          "com.figma.isOverride": true
        }
      },
      "700": {
        "$type": "color",
        "$value": {
          "colorSpace": "srgb",
          "components": [
            0.054901961237192154,
            0.45490196347236633,
            0.5647059082984924
          ],
          "alpha": 1,
          "hex": "#0E7490"
        },
        "$extensions": {
          "com.figma.variableId": "VariableID:10:2903",
          "com.figma.scopes": [
            "ALL_SCOPES"
          ],
          "com.figma.isOverride": true
        }
      },
      "800": {
        "$type": "color",
        "$value": {
          "colorSpace": "srgb",
          "components": [
            0.08235294371843338,
            0.3686274588108063,
            0.4588235318660736
          ],
          "alpha": 1,
          "hex": "#155E75"
        },
        "$extensions": {
          "com.figma.variableId": "VariableID:10:2904",
          "com.figma.scopes": [
            "ALL_SCOPES"
          ],
          "com.figma.isOverride": true
        }
      },
      "900": {
        "$type": "color",
        "$value": {
          "colorSpace": "srgb",
          "components": [
            0.08627451211214066,
            0.30588236451148987,
            0.38823530077934265
          ],
          "alpha": 1,
          "hex": "#164E63"
        },
        "$extensions": {
          "com.figma.variableId": "VariableID:10:2905",
          "com.figma.scopes": [
            "ALL_SCOPES"
          ],
          "com.figma.isOverride": true
        }
      }
    },
    "indigo": {
      "50": {
        "$type": "color",
        "$value": {
          "colorSpace": "srgb",
          "components": [
            0.9333333373069763,
            0.9490196108818054,
            1
          ],
          "alpha": 1,
          "hex": "#EEF2FF"
        },
        "$extensions": {
          "com.figma.variableId": "VariableID:10:2906",
          "com.figma.scopes": [
            "ALL_SCOPES"
          ],
          "com.figma.isOverride": true
        }
      },
      "100": {
        "$type": "color",
        "$value": {
          "colorSpace": "srgb",
          "components": [
            0.8784313797950745,
            0.9058823585510254,
            1
          ],
          "alpha": 1,
          "hex": "#E0E7FF"
        },
        "$extensions": {
          "com.figma.variableId": "VariableID:10:2907",
          "com.figma.scopes": [
            "ALL_SCOPES"
          ],
          "com.figma.isOverride": true
        }
      },
      "200": {
        "$type": "color",
        "$value": {
          "colorSpace": "srgb",
          "components": [
            0.7803921699523926,
            0.8235294222831726,
            0.9960784316062927
          ],
          "alpha": 1,
          "hex": "#C7D2FE"
        },
        "$extensions": {
          "com.figma.variableId": "VariableID:10:2908",
          "com.figma.scopes": [
            "ALL_SCOPES"
          ],
          "com.figma.isOverride": true
        }
      },
      "300": {
        "$type": "color",
        "$value": {
          "colorSpace": "srgb",
          "components": [
            0.6470588445663452,
            0.7058823704719543,
            0.9882352948188782
          ],
          "alpha": 1,
          "hex": "#A5B4FC"
        },
        "$extensions": {
          "com.figma.variableId": "VariableID:10:2909",
          "com.figma.scopes": [
            "ALL_SCOPES"
          ],
          "com.figma.isOverride": true
        }
      },
      "400": {
        "$type": "color",
        "$value": {
          "colorSpace": "srgb",
          "components": [
            0.5058823823928833,
            0.5490196347236633,
            0.9725490212440491
          ],
          "alpha": 1,
          "hex": "#818CF8"
        },
        "$extensions": {
          "com.figma.variableId": "VariableID:10:2910",
          "com.figma.scopes": [
            "ALL_SCOPES"
          ],
          "com.figma.isOverride": true
        }
      },
      "500": {
        "$type": "color",
        "$value": {
          "colorSpace": "srgb",
          "components": [
            0.38823530077934265,
            0.4000000059604645,
            0.9450980424880981
          ],
          "alpha": 1,
          "hex": "#6366F1"
        },
        "$extensions": {
          "com.figma.variableId": "VariableID:10:2911",
          "com.figma.scopes": [
            "ALL_SCOPES"
          ],
          "com.figma.isOverride": true
        }
      },
      "600": {
        "$type": "color",
        "$value": {
          "colorSpace": "srgb",
          "components": [
            0.30980393290519714,
            0.27450981736183167,
            0.8980392217636108
          ],
          "alpha": 1,
          "hex": "#4F46E5"
        },
        "$extensions": {
          "com.figma.variableId": "VariableID:10:2912",
          "com.figma.scopes": [
            "ALL_SCOPES"
          ],
          "com.figma.isOverride": true
        }
      },
      "700": {
        "$type": "color",
        "$value": {
          "colorSpace": "srgb",
          "components": [
            0.26274511218070984,
            0.21960784494876862,
            0.7921568751335144
          ],
          "alpha": 1,
          "hex": "#4338CA"
        },
        "$extensions": {
          "com.figma.variableId": "VariableID:10:2913",
          "com.figma.scopes": [
            "ALL_SCOPES"
          ],
          "com.figma.isOverride": true
        }
      },
      "800": {
        "$type": "color",
        "$value": {
          "colorSpace": "srgb",
          "components": [
            0.21568627655506134,
            0.1882352977991104,
            0.6392157077789307
          ],
          "alpha": 1,
          "hex": "#3730A3"
        },
        "$extensions": {
          "com.figma.variableId": "VariableID:10:2914",
          "com.figma.scopes": [
            "ALL_SCOPES"
          ],
          "com.figma.isOverride": true
        }
      },
      "900": {
        "$type": "color",
        "$value": {
          "colorSpace": "srgb",
          "components": [
            0.1921568661928177,
            0.18039216101169586,
            0.5058823823928833
          ],
          "alpha": 1,
          "hex": "#312E81"
        },
        "$extensions": {
          "com.figma.variableId": "VariableID:10:2915",
          "com.figma.scopes": [
            "ALL_SCOPES"
          ],
          "com.figma.isOverride": true
        }
      }
    },
    "violet": {
      "50": {
        "$type": "color",
        "$value": {
          "colorSpace": "srgb",
          "components": [
            0.9607843160629272,
            0.9529411792755127,
            1
          ],
          "alpha": 1,
          "hex": "#F5F3FF"
        },
        "$extensions": {
          "com.figma.variableId": "VariableID:10:2926",
          "com.figma.scopes": [
            "ALL_SCOPES"
          ],
          "com.figma.isOverride": true
        }
      },
      "100": {
        "$type": "color",
        "$value": {
          "colorSpace": "srgb",
          "components": [
            0.929411768913269,
            0.9137254953384399,
            0.9960784316062927
          ],
          "alpha": 1,
          "hex": "#EDE9FE"
        },
        "$extensions": {
          "com.figma.variableId": "VariableID:10:2927",
          "com.figma.scopes": [
            "ALL_SCOPES"
          ],
          "com.figma.isOverride": true
        }
      },
      "200": {
        "$type": "color",
        "$value": {
          "colorSpace": "srgb",
          "components": [
            0.8666666746139526,
            0.8392156958580017,
            0.9960784316062927
          ],
          "alpha": 1,
          "hex": "#DDD6FE"
        },
        "$extensions": {
          "com.figma.variableId": "VariableID:10:2928",
          "com.figma.scopes": [
            "ALL_SCOPES"
          ],
          "com.figma.isOverride": true
        }
      },
      "300": {
        "$type": "color",
        "$value": {
          "colorSpace": "srgb",
          "components": [
            0.7686274647712708,
            0.7098039388656616,
            0.9921568632125854
          ],
          "alpha": 1,
          "hex": "#C4B5FD"
        },
        "$extensions": {
          "com.figma.variableId": "VariableID:10:2929",
          "com.figma.scopes": [
            "ALL_SCOPES"
          ],
          "com.figma.isOverride": true
        }
      },
      "400": {
        "$type": "color",
        "$value": {
          "colorSpace": "srgb",
          "components": [
            0.6549019813537598,
            0.545098066329956,
            0.9803921580314636
          ],
          "alpha": 1,
          "hex": "#A78BFA"
        },
        "$extensions": {
          "com.figma.variableId": "VariableID:10:2930",
          "com.figma.scopes": [
            "ALL_SCOPES"
          ],
          "com.figma.isOverride": true
        }
      },
      "500": {
        "$type": "color",
        "$value": {
          "colorSpace": "srgb",
          "components": [
            0.545098066329956,
            0.3607843220233917,
            0.9647058844566345
          ],
          "alpha": 1,
          "hex": "#8B5CF6"
        },
        "$extensions": {
          "com.figma.variableId": "VariableID:10:2931",
          "com.figma.scopes": [
            "ALL_SCOPES"
          ],
          "com.figma.isOverride": true
        }
      },
      "600": {
        "$type": "color",
        "$value": {
          "colorSpace": "srgb",
          "components": [
            0.48627451062202454,
            0.22745098173618317,
            0.929411768913269
          ],
          "alpha": 1,
          "hex": "#7C3AED"
        },
        "$extensions": {
          "com.figma.variableId": "VariableID:10:2932",
          "com.figma.scopes": [
            "ALL_SCOPES"
          ],
          "com.figma.isOverride": true
        }
      },
      "700": {
        "$type": "color",
        "$value": {
          "colorSpace": "srgb",
          "components": [
            0.4274509847164154,
            0.1568627506494522,
            0.8509804010391235
          ],
          "alpha": 1,
          "hex": "#6D28D9"
        },
        "$extensions": {
          "com.figma.variableId": "VariableID:10:2933",
          "com.figma.scopes": [
            "ALL_SCOPES"
          ],
          "com.figma.isOverride": true
        }
      },
      "800": {
        "$type": "color",
        "$value": {
          "colorSpace": "srgb",
          "components": [
            0.35686275362968445,
            0.12941177189350128,
            0.7137255072593689
          ],
          "alpha": 1,
          "hex": "#5B21B6"
        },
        "$extensions": {
          "com.figma.variableId": "VariableID:10:2934",
          "com.figma.scopes": [
            "ALL_SCOPES"
          ],
          "com.figma.isOverride": true
        }
      },
      "900": {
        "$type": "color",
        "$value": {
          "colorSpace": "srgb",
          "components": [
            0.2980392277240753,
            0.11372549086809158,
            0.5843137502670288
          ],
          "alpha": 1,
          "hex": "#4C1D95"
        },
        "$extensions": {
          "com.figma.variableId": "VariableID:10:2935",
          "com.figma.scopes": [
            "ALL_SCOPES"
          ],
          "com.figma.isOverride": true
        }
      }
    },
    "b&w": {
      "black": {
        "$type": "color",
        "$value": {
          "colorSpace": "srgb",
          "components": [
            0,
            0,
            0
          ],
          "alpha": 1,
          "hex": "#000000"
        },
        "$extensions": {
          "com.figma.variableId": "VariableID:14:2",
          "com.figma.scopes": [
            "ALL_SCOPES"
          ],
          "com.figma.isOverride": true
        }
      },
      "white": {
        "$type": "color",
        "$value": {
          "colorSpace": "srgb",
          "components": [
            1,
            1,
            1
          ],
          "alpha": 1,
          "hex": "#FFFFFF"
        },
        "$extensions": {
          "com.figma.variableId": "VariableID:14:3",
          "com.figma.scopes": [
            "ALL_SCOPES"
          ],
          "com.figma.isOverride": true
        }
      }
    }
  },
  "type": {
    "Font family": {
      "$type": "string",
      "$value": "Space Grotesk Variable",
      "$extensions": {
        "com.figma.variableId": "VariableID:17617:2",
        "com.figma.type": "string",
        "com.figma.isOverride": true
      }
    },
    "families": {
      "Space Grotesk": {
        "style": {
          "Space Grotesk Variables": {
            "$type": "string",
            "$value": "Space Grotesk Variable",
            "$extensions": {
              "com.figma.variableId": "VariableID:17642:947",
              "com.figma.type": "string",
              "com.figma.isOverride": true
            }
          }
        },
        "weight": {
          "Light": {
            "$type": "string",
            "$value": "Light",
            "$extensions": {
              "com.figma.variableId": "VariableID:17616:903",
              "com.figma.type": "string",
              "com.figma.isOverride": true
            }
          },
          "Regular": {
            "$type": "string",
            "$value": "Regular",
            "$extensions": {
              "com.figma.variableId": "VariableID:17616:902",
              "com.figma.type": "string",
              "com.figma.isOverride": true
            }
          },
          "Medium": {
            "$type": "string",
            "$value": "Medium",
            "$extensions": {
              "com.figma.variableId": "VariableID:17616:899",
              "com.figma.type": "string",
              "com.figma.isOverride": true
            }
          },
          "Semi-bold": {
            "$type": "string",
            "$value": "Semi-bold",
            "$extensions": {
              "com.figma.variableId": "VariableID:17616:901",
              "com.figma.type": "string",
              "com.figma.isOverride": true
            }
          },
          "Bold": {
            "$type": "string",
            "$value": "Bold",
            "$extensions": {
              "com.figma.variableId": "VariableID:17616:900",
              "com.figma.type": "string",
              "com.figma.isOverride": true
            }
          }
        }
      },
      "Space Mono": {
        "style": {
          "Space Mono": {
            "$type": "string",
            "$value": "Space Mono",
            "$extensions": {
              "com.figma.variableId": "VariableID:17617:3",
              "com.figma.type": "string",
              "com.figma.isOverride": true
            }
          }
        },
        "weight": {
          "Light": {
            "$type": "string",
            "$value": "Light",
            "$extensions": {
              "com.figma.variableId": "VariableID:17616:935",
              "com.figma.type": "string",
              "com.figma.isOverride": true
            }
          },
          "Regular": {
            "$type": "string",
            "$value": "Regular",
            "$extensions": {
              "com.figma.variableId": "VariableID:17616:933",
              "com.figma.type": "string",
              "com.figma.isOverride": true
            }
          },
          "Medium": {
            "$type": "string",
            "$value": "Medium",
            "$extensions": {
              "com.figma.variableId": "VariableID:17616:934",
              "com.figma.type": "string",
              "com.figma.isOverride": true
            }
          },
          "Semi-bold": {
            "$type": "string",
            "$value": "Semi-bold",
            "$extensions": {
              "com.figma.variableId": "VariableID:17616:931",
              "com.figma.type": "string",
              "com.figma.isOverride": true
            }
          },
          "Bold": {
            "$type": "string",
            "$value": "Bold",
            "$extensions": {
              "com.figma.variableId": "VariableID:17616:932",
              "com.figma.type": "string",
              "com.figma.isOverride": true
            }
          }
        }
      },
      "Fira": {
        "style": {
          "Fira": {
            "$type": "string",
            "$value": "Fira",
            "$extensions": {
              "com.figma.variableId": "VariableID:17617:4",
              "com.figma.type": "string",
              "com.figma.isOverride": true
            }
          }
        },
        "weight": {
          "Light": {
            "$type": "string",
            "$value": "Light",
            "$extensions": {
              "com.figma.variableId": "VariableID:17616:939",
              "com.figma.type": "string",
              "com.figma.isOverride": true
            }
          },
          "Regular": {
            "$type": "string",
            "$value": "Regular",
            "$extensions": {
              "com.figma.variableId": "VariableID:17616:950",
              "com.figma.type": "string",
              "com.figma.isOverride": true
            }
          },
          "Retina": {
            "$type": "string",
            "$value": "Retina",
            "$extensions": {
              "com.figma.variableId": "VariableID:17616:951",
              "com.figma.type": "string",
              "com.figma.isOverride": true
            }
          },
          "Medium": {
            "$type": "string",
            "$value": "Medium",
            "$extensions": {
              "com.figma.variableId": "VariableID:17616:952",
              "com.figma.type": "string",
              "com.figma.isOverride": true
            }
          },
          "SemiBold": {
            "$type": "string",
            "$value": "SemiBold",
            "$extensions": {
              "com.figma.variableId": "VariableID:17616:953",
              "com.figma.type": "string",
              "com.figma.isOverride": true
            }
          },
          "Bold": {
            "$type": "string",
            "$value": "Bold",
            "$extensions": {
              "com.figma.variableId": "VariableID:17616:954",
              "com.figma.type": "string",
              "com.figma.isOverride": true
            }
          }
        }
      },
      "Iosevka": {
        "style": {
          "Iosevka": {
            "$type": "string",
            "$value": "Iosevka",
            "$extensions": {
              "com.figma.variableId": "VariableID:17617:5",
              "com.figma.type": "string",
              "com.figma.isOverride": true
            }
          }
        },
        "weight": {
          "Regular": {
            "$type": "string",
            "$value": "Regular",
            "$extensions": {
              "com.figma.variableId": "VariableID:17616:942",
              "com.figma.type": "string",
              "com.figma.isOverride": true
            }
          }
        }
      },
      "JetBrains": {
        "style": {
          "JetBrains": {
            "$type": "string",
            "$value": "JetBrains",
            "$extensions": {
              "com.figma.variableId": "VariableID:17617:6",
              "com.figma.type": "string",
              "com.figma.isOverride": true
            }
          }
        },
        "weight": {
          "Regular": {
            "$type": "string",
            "$value": "Regular",
            "$extensions": {
              "com.figma.variableId": "VariableID:17616:945",
              "com.figma.type": "string",
              "com.figma.isOverride": true
            }
          }
        }
      },
      "DM Mono": {
        "style": {
          "DM Mono": {
            "$type": "string",
            "$value": "DM Mono",
            "$extensions": {
              "com.figma.variableId": "VariableID:17617:7",
              "com.figma.type": "string",
              "com.figma.isOverride": true
            }
          }
        },
        "weight": {
          "Regular": {
            "$type": "string",
            "$value": "Regular",
            "$extensions": {
              "com.figma.variableId": "VariableID:17616:948",
              "com.figma.type": "string",
              "com.figma.isOverride": true
            }
          }
        }
      }
    }
  },
  "scale": {
    "0": {
      "$type": "number",
      "$value": 0,
      "$extensions": {
        "com.figma.variableId": "VariableID:889:41",
        "com.figma.isOverride": true
      }
    },
    "min-0-5": {
      "$type": "number",
      "$value": 0.5,
      "$extensions": {
        "com.figma.variableId": "VariableID:16641:88",
        "com.figma.isOverride": true
      }
    },
    "px-1": {
      "$type": "number",
      "$value": 1,
      "$extensions": {
        "com.figma.variableId": "VariableID:895:2",
        "com.figma.isOverride": true
      }
    },
    "25-1-5": {
      "$type": "number",
      "$value": 1.5,
      "$extensions": {
        "com.figma.variableId": "VariableID:908:12",
        "com.figma.isOverride": true
      }
    },
    "50-2": {
      "$type": "number",
      "$value": 2,
      "$extensions": {
        "com.figma.variableId": "VariableID:889:42",
        "com.figma.isOverride": true
      }
    },
    "100-4": {
      "$type": "number",
      "$value": 4,
      "$extensions": {
        "com.figma.variableId": "VariableID:887:28",
        "com.figma.isOverride": true
      }
    },
    "200-6": {
      "$type": "number",
      "$value": 6,
      "$extensions": {
        "com.figma.variableId": "VariableID:887:29",
        "com.figma.isOverride": true
      }
    },
    "300-8": {
      "$type": "number",
      "$value": 8,
      "$extensions": {
        "com.figma.variableId": "VariableID:887:30",
        "com.figma.isOverride": true
      }
    },
    "350-10": {
      "$type": "number",
      "$value": 10,
      "$extensions": {
        "com.figma.variableId": "VariableID:7068:2",
        "com.figma.isOverride": true
      }
    },
    "400-12": {
      "$type": "number",
      "$value": 12,
      "$extensions": {
        "com.figma.variableId": "VariableID:887:31",
        "com.figma.isOverride": true
      }
    },
    "450-14": {
      "$type": "number",
      "$value": 14,
      "$extensions": {
        "com.figma.variableId": "VariableID:887:32",
        "com.figma.isOverride": true
      }
    },
    "500-16": {
      "$type": "number",
      "$value": 16,
      "$extensions": {
        "com.figma.variableId": "VariableID:887:33",
        "com.figma.isOverride": true
      }
    },
    "550-18": {
      "$type": "number",
      "$value": 18,
      "$extensions": {
        "com.figma.variableId": "VariableID:887:34",
        "com.figma.isOverride": true
      }
    },
    "600-20": {
      "$type": "number",
      "$value": 20,
      "$extensions": {
        "com.figma.variableId": "VariableID:887:35",
        "com.figma.isOverride": true
      }
    },
    "650-24": {
      "$type": "number",
      "$value": 24,
      "$extensions": {
        "com.figma.variableId": "VariableID:887:36",
        "com.figma.isOverride": true
      }
    },
    "700-28": {
      "$type": "number",
      "$value": 28,
      "$extensions": {
        "com.figma.variableId": "VariableID:888:37",
        "com.figma.isOverride": true
      }
    },
    "750-32": {
      "$type": "number",
      "$value": 32,
      "$extensions": {
        "com.figma.variableId": "VariableID:888:38",
        "com.figma.isOverride": true
      }
    },
    "800-36": {
      "$type": "number",
      "$value": 36,
      "$extensions": {
        "com.figma.variableId": "VariableID:888:39",
        "com.figma.isOverride": true
      }
    },
    "850-40": {
      "$type": "number",
      "$value": 40,
      "$extensions": {
        "com.figma.variableId": "VariableID:888:40",
        "com.figma.isOverride": true
      }
    },
    "900-44": {
      "$type": "number",
      "$value": 44,
      "$extensions": {
        "com.figma.variableId": "VariableID:6973:14",
        "com.figma.isOverride": true
      }
    },
    "950-48": {
      "$type": "number",
      "$value": 48,
      "$extensions": {
        "com.figma.variableId": "VariableID:6973:15",
        "com.figma.isOverride": true
      }
    },
    "1000-56": {
      "$type": "number",
      "$value": 56,
      "$extensions": {
        "com.figma.variableId": "VariableID:6973:16",
        "com.figma.isOverride": true
      }
    },
    "1100-62": {
      "$type": "number",
      "$value": 62,
      "$extensions": {
        "com.figma.variableId": "VariableID:6973:17",
        "com.figma.isOverride": true
      }
    },
    "1200-70": {
      "$type": "number",
      "$value": 70,
      "$extensions": {
        "com.figma.variableId": "VariableID:6973:18",
        "com.figma.isOverride": true
      }
    },
    "1300-80": {
      "$type": "number",
      "$value": 80,
      "$extensions": {
        "com.figma.variableId": "VariableID:6973:19",
        "com.figma.isOverride": true
      }
    },
    "1400-90": {
      "$type": "number",
      "$value": 90,
      "$extensions": {
        "com.figma.variableId": "VariableID:7068:3",
        "com.figma.isOverride": true
      }
    },
    "1500-100": {
      "$type": "number",
      "$value": 100,
      "$extensions": {
        "com.figma.variableId": "VariableID:7068:4",
        "com.figma.isOverride": true
      }
    }
  },
  "$extensions": {
    "com.figma.modeName": "Mode 1"
  }
}